{"schemaVersion":"1.0","appDefinitionTemplate":{"id":"/providers/Microsoft.PowerApps/apps/","type":"Microsoft.PowerApps/apps","tags":{"primaryDeviceWidth":"1366","primaryDeviceHeight":"768","sienaVersion":"20220123T145733Z-3.21123.25.0","deviceCapabilities":"location","supportsPortrait":"true","supportsLandscape":"true","primaryFormFactor":"Tablet","publisherVersion":"3.21123.25","minimumRequiredApiVersion":"2.2.0","hasComponent":"false","hasUnlockedComponent":"false","isUnifiedRootApp":"false"},"properties":{"appVersion":"2022-01-23T14:57:33Z","lifeCycleId":"Published","createdByClientVersion":{"major":3,"minor":21123,"build":25,"revision":0,"majorRevision":0,"minorRevision":0},"minClientVersion":{"major":3,"minor":21123,"build":25,"revision":0,"majorRevision":0,"minorRevision":0},"backgroundColor":"RGBA(0,176,240,1)","backgroundImageUri":"/15881529119680730769/N4caa9b26-04cb-4aff-b5e1-16936c1a630d-logoSmallFile","displayName":"HNO-Praxis","description":"","commitMessage":"","appUris":{"documentUri":{"value":"/15881529119680730769/Nc8172d11-7c1d-4825-a94a-04d360cb7dd7-document.msapp"},"imageUris":[]},"createdTime":"0001-01-01T00:00:00Z","lastModifiedTime":"0001-01-01T00:00:00Z","sharedGroupsCount":0,"sharedUsersCount":0,"icons":{"smallIconUri":"/15881529119680730769/N79e6d76b-fee6-4765-9471-78d546003010-small.png","mediumIconUri":"/15881529119680730769/N451e1d7c-687d-427c-a5b3-ac5cfb0dc3d1-medium.png","largeIconUri":"/15881529119680730769/N0f57eef7-8352-4a1c-9996-0e78cac7fb50-large.png","wideIconUri":"/15881529119680730769/Ne68787a7-b158-42cc-ad3b-88e00a3a3767-wide.png"},"connectionReferences":{"2c664d0e-600c-4993-b9a6-c2ff5511f2d0":{"id":"4216fde6-ca1f-4659-9b8b-5a7acac068c5","displayName":"Office 365 Users","iconUri":"https://connectoricons-prod.azureedge.net/releases/v1.0.1542/1.0.1542.2635/office365users/icon.png","dataSources":["Office365-Benutzer","Office365Users"],"dependencies":[],"dependents":[],"parameterHints":{},"parameterHintsV2":{},"isOnPremiseConnection":false,"bypassConsent":false,"dataSets":{},"apiTier":"Standard","isCustomApiConnection":false},"1098f47f-8350-4a88-ab8a-dc73b2cefcc6":{"id":"cc43a2df-2740-4dd5-b5a0-fb27fb7370c0","displayName":"Spatial Services","iconUri":"https://connectoricons-prod.azureedge.net/releases/v1.0.1539/1.0.1539.2620/microsoftspatialservices/icon.png","dataSources":["SpatialServices"],"dependencies":[],"dependents":[],"parameterHints":{},"parameterHintsV2":{},"isOnPremiseConnection":false,"bypassConsent":false,"dataSets":{},"apiTier":"Premium","isCustomApiConnection":false}},"databaseReferences":{"default.cds":{"databaseDetails":{"referenceType":"Environmental","environmentName":"default.cds","overrideValues":{"status":"NotSpecified"}},"dataSources":{"hnoOffices":{"entitySetName":"cr6bf_hnoofficeses","logicalName":"cr6bf_hnooffices"},"Organizations":{"entitySetName":"organizations","logicalName":"organization"},"hnoStaff":{"entitySetName":"cr6bf_hnostaffs","logicalName":"cr6bf_hnostaff"},"hnoBookings":{"entitySetName":"cr6bf_hnobookingses","logicalName":"cr6bf_hnobookings"},"hnoTimeSlots":{"entitySetName":"cr6bf_hnotimeslotses","logicalName":"cr6bf_hnotimeslots"},"hnoLoginUsers":{"entitySetName":"cr6bf_hnologinusers","logicalName":"cr6bf_hnologinuser"},"Doppelte Datensätze":{"entitySetName":"duplicaterecords","logicalName":"duplicaterecord"}},"actions":["providers/PowerPlatform.Governance/Operations/Read","providers/PowerPlatform.Governance/Operations/Write","providers/PowerPlatform.Governance/Operations/Delete"]}},"almMode":"Environment","performanceOptimizationEnabled":true,"canConsumeAppPass":true,"executionRestrictions":{"isTeamsOnly":false,"dataLossPreventionEvaluationResult":{"status":"Compliant","lastEvaluationDate":"2021-12-15T15:39:12.1173272Z","violations":[],"violationsByPolicy":[],"violationErrorMessage":"Die App verwendet die folgenden Connectors: ."}}},"appType":"ClassicCanvasApp","appComponents":[]}}